Dile que la quiero _cast_member,imdb_page
Directed by 
 Fernando Cortés ,https://www.imdb.com//name/nm0181530/?ref_=ttfc_fc_dr1
Writing Credits        (in alphabetical order)         
 Fernando Galiana ,https://www.imdb.com//name/nm0302055/?ref_=ttfc_fc_wr1
 Julio Porter ,https://www.imdb.com//name/nm0692180/?ref_=ttfc_fc_wr2
Produced by 
 Jesús Grovas ,https://www.imdb.com//name/nm0343952/?ref_=ttfc_fc_cr2
Music by 
 Raúl Lavista ,https://www.imdb.com//name/nm0006165/?ref_=ttfc_fc_cr3
Cinematography by 
 José Ortiz Ramos ,https://www.imdb.com//name/nm0651051/?ref_=ttfc_fc_cr4
Film Editing by 
 José W. Bustos ,https://www.imdb.com//name/nm1804426/?ref_=ttfc_fc_cr5
Production Design by 
 José Rodríguez Granada ,https://www.imdb.com//name/nm0334613/?ref_=ttfc_fc_cr6
Camera and Electrical Department 
 José Antonio Carrasco ,https://www.imdb.com//name/nm0140059/?ref_=ttfc_fc_cr7
