Despedida de casada_cast,role,imdb_page
Ana Luisa Peluffo,Eva,https://www.imdb.com//name/nm0671381/?ref_=ttfc_fc_cl_i1
Carlos Estrada,Raúl Santos,https://www.imdb.com//name/nm0261795/?ref_=ttfc_fc_cl_i2
Elsa Cárdenas,Abogada de Raúl,https://www.imdb.com//name/nm0194597/?ref_=ttfc_fc_cl_i3
Mauricio Garcés,Felipe,https://www.imdb.com//name/nm0305517/?ref_=ttfc_fc_cl_i4
Martha Elena Cervantes ,https://www.imdb.com//name/nm0149008/?ref_=ttfc_fc_cl_i5
Maura Monti ,https://www.imdb.com//name/nm0600005/?ref_=ttfc_fc_cl_i6
Gracita Morales,Pacita, la criada,https://www.imdb.com//name/nm0602615/?ref_=ttfc_fc_cl_i7
Alfredo Landa,Casimiro Rodríguez, el albañil,https://www.imdb.com//name/nm0484376/?ref_=ttfc_fc_cl_i8
Norma Mora ,https://www.imdb.com//name/nm0602326/?ref_=ttfc_fc_cl_i9
Graciela Lara ,https://www.imdb.com//name/nm0487910/?ref_=ttfc_fc_cl_i10
Claudia Islas ,https://www.imdb.com//name/nm0411281/?ref_=ttfc_fc_cl_i11
Julissa,Sonia Vargas,https://www.imdb.com//name/nm0215612/?ref_=ttfc_fc_cl_i12
Héctor Suárez,Juan /Alberto,https://www.imdb.com//name/nm0840782/?ref_=ttfc_fc_cl_i13
Emily Cranz,Betty,https://www.imdb.com//name/nm0186529/?ref_=ttfc_fc_cl_i14
Manuel Garay,Junior,https://www.imdb.com//name/nm0304884/?ref_=ttfc_fc_cl_i15
Nora Larraga 'Karla',Karla,(as Nora Larraga),,,https://www.imdb.com//name/nm0488546/?ref_=ttfc_fc_cl_i16
Pedro Rigual,, (as Hermanos Rigual),,,https://www.imdb.com//name/nm0726830/?ref_=ttfc_fc_cl_i17
Carlos Rigual,, (as Hermanos Rigual),,,https://www.imdb.com//name/nm1133112/?ref_=ttfc_fc_cl_i18
Mario Rigual,, (as Hermanos Rigual),,,https://www.imdb.com//name/nm2008363/?ref_=ttfc_fc_cl_i19
Graciela Doring ,https://www.imdb.com//name/nm0233690/?ref_=ttfc_fc_cl_i20
El Klan ,https://www.imdb.com//name/nm0252697/?ref_=ttfc_fc_cl_i21
Alfredo Millet,Antonio,https://www.imdb.com//name/nm0589566/?ref_=ttfc_fc_cl_i22
Angelines Fernández ,https://www.imdb.com//name/nm0273390/?ref_=ttfc_fc_cl_i23
José Luis Carol,, (as José Luis Caro),,,https://www.imdb.com//name/nm0138915/?ref_=ttfc_fc_cl_i24
Lina Marín ,https://www.imdb.com//name/nm0555959/?ref_=ttfc_fc_cl_i25
Guillermo Herrera ,https://www.imdb.com//name/nm0380417/?ref_=ttfc_fc_cl_i26
