Gimme the Power _cast,role,imdb_page
Sergio Arau,Self,https://www.imdb.com//name/nm0033190/?ref_=ttfc_fc_cl_i1
Paco Ayala,Self,https://www.imdb.com//name/nm3891390/?ref_=ttfc_fc_cl_i2
Randy Ebright,Self,https://www.imdb.com//name/nm2680146/?ref_=ttfc_fc_cl_i3
Tito Fuentes,Self,(as Ismael Fuentes),,,https://www.imdb.com//name/nm5001439/?ref_=ttfc_fc_cl_i4
Miky Huidobro,Self,https://www.imdb.com//name/nm5071062/?ref_=ttfc_fc_cl_i5
Alex Lora,Self,https://www.imdb.com//name/nm6904566/?ref_=ttfc_fc_cl_i6
Molotov,Themselves,https://www.imdb.com//name/nm1346942/?ref_=ttfc_fc_cl_i7
Ivan Nieblas,Self,https://www.imdb.com//name/nm5116747/?ref_=ttfc_fc_cl_i8
Ileana Rodr√≠guez Govela,Self,https://www.imdb.com//name/nm6396624/?ref_=ttfc_fc_cl_i9
Olallo Rubio,Self,https://www.imdb.com//name/nm1351706/?ref_=ttfc_fc_cl_i10
Juan Villoro,Self,https://www.imdb.com//name/nm1064070/?ref_=ttfc_fc_cl_i11
