La alegría de vivir _cast,role,imdb_page
Tere Velázquez,Rosa Medina,https://www.imdb.com//name/nm0892834/?ref_=ttfc_fc_cl_i1
Alberto Vázquez,Alberto Carvajal,https://www.imdb.com//name/nm0904738/?ref_=ttfc_fc_cl_i2
Leonorilda Ochoa,Lupe,https://www.imdb.com//name/nm0643753/?ref_=ttfc_fc_cl_i3
Héctor Suárez,Sergio,https://www.imdb.com//name/nm0840782/?ref_=ttfc_fc_cl_i4
Rafael Banquells,Don Miguel,https://www.imdb.com//name/nm0052486/?ref_=ttfc_fc_cl_i5
Antonio Raxel,Don Carlos Mendoza,https://www.imdb.com//name/nm0712720/?ref_=ttfc_fc_cl_i6
Bertha Moss,Doña Elena,https://www.imdb.com//name/nm0608916/?ref_=ttfc_fc_cl_i7
Celia Viveros,Cata,https://www.imdb.com//name/nm0900277/?ref_=ttfc_fc_cl_i8
Julián de Meriche,Mesero,https://www.imdb.com//name/nm0580746/?ref_=ttfc_fc_cl_i9
Rafael Banquells hijo,Joven mensajero,(as Rafael Banquels niño),,,https://www.imdb.com//name/nm0052482/?ref_=ttfc_fc_cl_i10
Los Jockers,Grupo musical,https://www.imdb.com//name/nm8358771/?ref_=ttfc_fc_cl_i11
Armando Acosta,Pasajero taxi,(uncredited),,,https://www.imdb.com//name/nm0010162/?ref_=ttfc_fc_cl_i12
Felipe del Castillo,Sacerdote,(uncredited),,,https://www.imdb.com//name/nm0145067/?ref_=ttfc_fc_cl_i13
Carlos Guarneros,Empleado aeropuerto,(uncredited),,,https://www.imdb.com//name/nm0345416/?ref_=ttfc_fc_cl_i14
Consuelo Monteagudo,Pasajera taxi,(uncredited),,,https://www.imdb.com//name/nm0599120/?ref_=ttfc_fc_cl_i15
Rubén Márquez,Paseante,(uncredited),,,https://www.imdb.com//name/nm0617337/?ref_=ttfc_fc_cl_i16
José Pardavé,Taxista,(uncredited),,,https://www.imdb.com//name/nm0661039/?ref_=ttfc_fc_cl_i17
Leopoldo Salazar,Paco,(uncredited),,,https://www.imdb.com//name/nm0282922/?ref_=ttfc_fc_cl_i18
Carlos Vendrell,Espectador carrera caballos,(uncredited),,,https://www.imdb.com//name/nm0892964/?ref_=ttfc_fc_cl_i19
