La diosa del asfalto _cast,role,imdb_page
Ximena Romo,Max,https://www.imdb.com//name/nm3183741/?ref_=ttfc_fc_cl_i1
Mabel Cadena,Ramira,https://www.imdb.com//name/nm5870099/?ref_=ttfc_fc_cl_i2
Nelly González,Carcacha,https://www.imdb.com//name/nm11445290/?ref_=ttfc_fc_cl_i3
Samantha Orozco,Sonia,https://www.imdb.com//name/nm10880402/?ref_=ttfc_fc_cl_i4
Axel Arenas,Pancho,https://www.imdb.com//name/nm6865754/?ref_=ttfc_fc_cl_i5
Esteban Caicedo,Verrugas,https://www.imdb.com//name/nm10589436/?ref_=ttfc_fc_cl_i6
Paulina Goto,Muñeca,https://www.imdb.com//name/nm4003483/?ref_=ttfc_fc_cl_i7
Raquel Robles,La Tuca,https://www.imdb.com//name/nm9021981/?ref_=ttfc_fc_cl_i8
Baby Batiz,Self,https://www.imdb.com//name/nm11996785/?ref_=ttfc_fc_cl_i9
Pascacio López,Casiano,https://www.imdb.com//name/nm2099799/?ref_=ttfc_fc_cl_i10
Juan Carlos Torres,Policía,https://www.imdb.com//name/nm9976179/?ref_=ttfc_fc_cl_i11
Javier Oliván,Pitirijas,https://www.imdb.com//name/nm2855540/?ref_=ttfc_fc_cl_i12
Claudia Lobo,Esperanza,https://www.imdb.com//name/nm0516511/?ref_=ttfc_fc_cl_i13
Giovanna Zacarías,Clara,https://www.imdb.com//name/nm1015884/?ref_=ttfc_fc_cl_i14
Jimena Mancilla,La Gata,https://www.imdb.com//name/nm6019031/?ref_=ttfc_fc_cl_i15
María Balam,Zenaida,https://www.imdb.com//name/nm11996786/?ref_=ttfc_fc_cl_i16
Fernanda Huerta,Jaina,https://www.imdb.com//name/nm7133302/?ref_=ttfc_fc_cl_i17
Karla Cruz,Candela,https://www.imdb.com//name/nm4445597/?ref_=ttfc_fc_cl_i18
Daphne Keller,Meco,https://www.imdb.com//name/nm11813584/?ref_=ttfc_fc_cl_i19
Jesica Vite,China,https://www.imdb.com//name/nm10268753/?ref_=ttfc_fc_cl_i20
Elena Gore,Boa,https://www.imdb.com//name/nm11993517/?ref_=ttfc_fc_cl_i21
Irbin Corona,Jodas,https://www.imdb.com//name/nm11996787/?ref_=ttfc_fc_cl_i22
Kobayashi Rétiz,Beto,https://www.imdb.com//name/nm11996788/?ref_=ttfc_fc_cl_i23
Rafa Farías,Güicho,https://www.imdb.com//name/nm10177640/?ref_=ttfc_fc_cl_i24
Alphonso Escobedo,Blondy,https://www.imdb.com//name/nm8637671/?ref_=ttfc_fc_cl_i25
Diego Ramora,Cordo,https://www.imdb.com//name/nm11996789/?ref_=ttfc_fc_cl_i26
Renato Gómez Martínez,Quintero,https://www.imdb.com//name/nm11993534/?ref_=ttfc_fc_cl_i27
Norma Pablo,Sanjuana,https://www.imdb.com//name/nm1580036/?ref_=ttfc_fc_cl_i28
Imix Lamak,Ramón,https://www.imdb.com//name/nm8934406/?ref_=ttfc_fc_cl_i29
Maximiliano Uribe,César /hermano de Max,https://www.imdb.com//name/nm10743752/?ref_=ttfc_fc_cl_i30
Baltimore Beltran,Teporocho,https://www.imdb.com//name/nm1727010/?ref_=ttfc_fc_cl_i31
Julio Cesar Luna,Teporocho,https://www.imdb.com//name/nm7675753/?ref_=ttfc_fc_cl_i32
Mauro González,Policía,https://www.imdb.com//name/nm7386073/?ref_=ttfc_fc_cl_i33
Marcelo Cerón,Seven,(as Marcelo Ceron),,,https://www.imdb.com//name/nm7603760/?ref_=ttfc_fc_cl_i34
Christian Cortés,Voceador,https://www.imdb.com//name/nm9773501/?ref_=ttfc_fc_cl_i35
Eder Bonilla,Cargador,https://www.imdb.com//name/nm10091325/?ref_=ttfc_fc_cl_i36
Diana Santísima Kitsch,Taquera,https://www.imdb.com//name/nm11996790/?ref_=ttfc_fc_cl_i37
Joel Rodrigo Morales Escudero,Mozalbete,https://www.imdb.com//name/nm9763497/?ref_=ttfc_fc_cl_i38
Juan Luis Medina,Rolo,https://www.imdb.com//name/nm8910287/?ref_=ttfc_fc_cl_i39
Fer Fux,Gus,https://www.imdb.com//name/nm11993525/?ref_=ttfc_fc_cl_i40
Raúl Fuentes,Piraña,https://www.imdb.com//name/nm11994321/?ref_=ttfc_fc_cl_i41
Alejandra Herrera,Guama,https://www.imdb.com//name/nm7616518/?ref_=ttfc_fc_cl_i42
Edgar Landa,Germán,https://www.imdb.com//name/nm13281602/?ref_=ttfc_fc_cl_i43
Raquel Robles ,https://www.imdb.com//name/nm11384306/?ref_=ttfc_fc_cl_i44
Salvador Álvarez,Comerciante,https://www.imdb.com//name/nm12446016/?ref_=ttfc_fc_cl_i45
