Zapatos viejos _cast,role,imdb_page
Gloria Trevi,Gloria Trevi,https://www.imdb.com//name/nm0872381/?ref_=ttfc_fc_cl_i1
Jorge 'Maromero' Páez,Ernesto,(as Jorge 'El Maromero' Paez),,,https://www.imdb.com//name/nm0701625/?ref_=ttfc_fc_cl_i2
Alma Muriel,Miss Thorina,https://www.imdb.com//name/nm0613889/?ref_=ttfc_fc_cl_i3
Coco Levy,Rafael,https://www.imdb.com//name/nm0506368/?ref_=ttfc_fc_cl_i4
Silvia Derbez,Miss Lucy,(as Sylvia Derbez),,,https://www.imdb.com//name/nm0220241/?ref_=ttfc_fc_cl_i5
Miguel Pizarro,Jack, El Reprobador,https://www.imdb.com//name/nm0686172/?ref_=ttfc_fc_cl_i6
Charly Valentino ,https://www.imdb.com//name/nm0884364/?ref_=ttfc_fc_cl_i7
Sherlyn,Mary,(as Sherlyn González),,,https://www.imdb.com//name/nm0792354/?ref_=ttfc_fc_cl_i8
Leilani Muñoz,Gloria niña,https://www.imdb.com//name/nm0616446/?ref_=ttfc_fc_cl_i9
Sergio Sendel ,https://www.imdb.com//name/nm0784133/?ref_=ttfc_fc_cl_i10
Daniel Habif ,https://www.imdb.com//name/nm0352288/?ref_=ttfc_fc_cl_i11
Olga Hernández ,https://www.imdb.com//name/nm0380087/?ref_=ttfc_fc_cl_i12
Pedro Pablo Rodriguez,Dance Boy,(uncredited),,,https://www.imdb.com//name/nm12110270/?ref_=ttfc_fc_cl_i13
