Zoé: Panoramas _cast,role,imdb_page
Sergio Acosta ,https://www.imdb.com//name/nm5867258/?ref_=ttfc_fc_cl_i1
Jesús Báez ,https://www.imdb.com//name/nm5867257/?ref_=ttfc_fc_cl_i2
Rodrigo Guardiola ,https://www.imdb.com//name/nm1761269/?ref_=ttfc_fc_cl_i3
Adan Jodorowsky ,https://www.imdb.com//name/nm0423523/?ref_=ttfc_fc_cl_i4
León Larregui ,https://www.imdb.com//name/nm4448391/?ref_=ttfc_fc_cl_i5
Zoé Le Ber ,https://www.imdb.com//name/nm4113427/?ref_=ttfc_fc_cl_i6
Ángel Mosqueda ,https://www.imdb.com//name/nm4447199/?ref_=ttfc_fc_cl_i7
Andrés Sánchez ,https://www.imdb.com//name/nm3396315/?ref_=ttfc_fc_cl_i8
Phil Vinall ,https://www.imdb.com//name/nm9029382/?ref_=ttfc_fc_cl_i9
